size,Run1 size,Run2 size,Run3 size,Run4 size,Run5 size,Run6 size,Run7 size,Run8 size,Run9 size,Run10 size,Run11 size,Run12 size,Run13 size,Run14 size,Run15 size,Run16 size,Run17 size,Run18 size,Run19 size,Run20
1000makefile:24: recipe for target 'run' failed
makefile:24: recipe for target 'run' failed
makefile:24: recipe for target 'run' failed
makefile:24: recipe for target 'run' failed
makefile:24: recipe for target 'run' failed
makefile:24: recipe for target 'run' failed
makefile:24: recipe for target 'run' failed
makefile:24: recipe for target 'run' failed
makefile:24: recipe for target 'run' failed
makefile:24: recipe for target 'run' failed
makefile:24: recipe for target 'run' failed
makefile:24: recipe for target 'run' failed
makefile:24: recipe for target 'run' failed
makefile:24: recipe for target 'run' failed
makefile:24: recipe for target 'run' failed
makefile:24: recipe for target 'run' failed
makefile:24: recipe for target 'run' failed
makefile:24: recipe for target 'run' failed
makefile:24: recipe for target 'run' failed
makefile:24: recipe for target 'run' failed

1500makefile:24: recipe for target 'run' failed
makefile:24: recipe for target 'run' failed
makefile:24: recipe for target 'run' failed
makefile:24: recipe for target 'run' failed
makefile:24: recipe for target 'run' failed
makefile:24: recipe for target 'run' failed
makefile:24: recipe for target 'run' failed
makefile:24: recipe for target 'run' failed
makefile:24: recipe for target 'run' failed
makefile:24: recipe for target 'run' failed
makefile:24: recipe for target 'run' failed
makefile:24: recipe for target 'run' failed
makefile:24: recipe for target 'run' failed
makefile:24: recipe for target 'run' failed
makefile:24: recipe for target 'run' failed
makefile:24: recipe for target 'run' failed
makefile:24: recipe for target 'run' failed
makefile:24: recipe for target 'run' failed
makefile:24: recipe for target 'run' failed
makefile:24: recipe for target 'run' failed

2000makefile:24: recipe for target 'run' failed
makefile:24: recipe for target 'run' failed
makefile:24: recipe for target 'run' failed
makefile:24: recipe for target 'run' failed
makefile:24: recipe for target 'run' failed
makefile:24: recipe for target 'run' failed
makefile:24: recipe for target 'run' failed
makefile:24: recipe for target 'run' failed
makefile:24: recipe for target 'run' failed
makefile:24: recipe for target 'run' failed
makefile:24: recipe for target 'run' failed
makefile:24: recipe for target 'run' failed
makefile:24: recipe for target 'run' failed
makefile:24: recipe for target 'run' failed
makefile:24: recipe for target 'run' failed
makefile:24: recipe for target 'run' failed
makefile:24: recipe for target 'run' failed
makefile:24: recipe for target 'run' failed
makefile:24: recipe for target 'run' failed
makefile:24: recipe for target 'run' failed

2500makefile:24: recipe for target 'run' failed
makefile:24: recipe for target 'run' failed
makefile:24: recipe for target 'run' failed
makefile:24: recipe for target 'run' failed
makefile:24: recipe for target 'run' failed
makefile:24: recipe for target 'run' failed
makefile:24: recipe for target 'run' failed
makefile:24: recipe for target 'run' failed
makefile:24: recipe for target 'run' failed
makefile:24: recipe for target 'run' failed
makefile:24: recipe for target 'run' failed
makefile:24: recipe for target 'run' failed
makefile:24: recipe for target 'run' failed
makefile:24: recipe for target 'run' failed
makefile:24: recipe for target 'run' failed
makefile:24: recipe for target 'run' failed
makefile:24: recipe for target 'run' failed
makefile:24: recipe for target 'run' failed
makefile:24: recipe for target 'run' failed
makefile:24: recipe for target 'run' failed

3000makefile:24: recipe for target 'run' failed
makefile:24: recipe for target 'run' failed
makefile:24: recipe for target 'run' failed
makefile:24: recipe for target 'run' failed
makefile:24: recipe for target 'run' failed
makefile:24: recipe for target 'run' failed
makefile:24: recipe for target 'run' failed
makefile:24: recipe for target 'run' failed
makefile:24: recipe for target 'run' failed
makefile:24: recipe for target 'run' failed
makefile:24: recipe for target 'run' failed
makefile:24: recipe for target 'run' failed
makefile:24: recipe for target 'run' failed
makefile:24: recipe for target 'run' failed
makefile:24: recipe for target 'run' failed
makefile:24: recipe for target 'run' failed
makefile:24: recipe for target 'run' failed
makefile:24: recipe for target 'run' failed
makefile:24: recipe for target 'run' failed
makefile:24: recipe for target 'run' failed

3500makefile:24: recipe for target 'run' failed
makefile:24: recipe for target 'run' failed
makefile:24: recipe for target 'run' failed
makefile:24: recipe for target 'run' failed
makefile:24: recipe for target 'run' failed
makefile:24: recipe for target 'run' failed
makefile:24: recipe for target 'run' failed
makefile:24: recipe for target 'run' failed
makefile:24: recipe for target 'run' failed
makefile:24: recipe for target 'run' failed
makefile:24: recipe for target 'run' failed
makefile:24: recipe for target 'run' failed
makefile:24: recipe for target 'run' failed
makefile:24: recipe for target 'run' failed
makefile:24: recipe for target 'run' failed
makefile:24: recipe for target 'run' failed
makefile:24: recipe for target 'run' failed
makefile:24: recipe for target 'run' failed
makefile:24: recipe for target 'run' failed
makefile:24: recipe for target 'run' failed

4000makefile:24: recipe for target 'run' failed
makefile:24: recipe for target 'run' failed
makefile:24: recipe for target 'run' failed
makefile:24: recipe for target 'run' failed
makefile:24: recipe for target 'run' failed
makefile:24: recipe for target 'run' failed
makefile:24: recipe for target 'run' failed
makefile:24: recipe for target 'run' failed
makefile:24: recipe for target 'run' failed
makefile:24: recipe for target 'run' failed
makefile:24: recipe for target 'run' failed
makefile:24: recipe for target 'run' failed
makefile:24: recipe for target 'run' failed
makefile:24: recipe for target 'run' failed
makefile:24: recipe for target 'run' failed
makefile:24: recipe for target 'run' failed
makefile:24: recipe for target 'run' failed
makefile:24: recipe for target 'run' failed
makefile:24: recipe for target 'run' failed
makefile:24: recipe for target 'run' failed

4500makefile:24: recipe for target 'run' failed
makefile:24: recipe for target 'run' failed
makefile:24: recipe for target 'run' failed
makefile:24: recipe for target 'run' failed
makefile:24: recipe for target 'run' failed
makefile:24: recipe for target 'run' failed
makefile:24: recipe for target 'run' failed
makefile:24: recipe for target 'run' failed
makefile:24: recipe for target 'run' failed
makefile:24: recipe for target 'run' failed
makefile:24: recipe for target 'run' failed
makefile:24: recipe for target 'run' failed
makefile:24: recipe for target 'run' failed
makefile:24: recipe for target 'run' failed
makefile:24: recipe for target 'run' failed
makefile:24: recipe for target 'run' failed
makefile:24: recipe for target 'run' failed
makefile:24: recipe for target 'run' failed
makefile:24: recipe for target 'run' failed
makefile:24: recipe for target 'run' failed

5000makefile:24: recipe for target 'run' failed
makefile:24: recipe for target 'run' failed
makefile:24: recipe for target 'run' failed
makefile:24: recipe for target 'run' failed
makefile:24: recipe for target 'run' failed
makefile:24: recipe for target 'run' failed
makefile:24: recipe for target 'run' failed
makefile:24: recipe for target 'run' failed
makefile:24: recipe for target 'run' failed
makefile:24: recipe for target 'run' failed
makefile:24: recipe for target 'run' failed
makefile:24: recipe for target 'run' failed
makefile:24: recipe for target 'run' failed
makefile:24: recipe for target 'run' failed
makefile:24: recipe for target 'run' failed
makefile:24: recipe for target 'run' failed
makefile:24: recipe for target 'run' failed
makefile:24: recipe for target 'run' failed
makefile:24: recipe for target 'run' failed
makefile:24: recipe for target 'run' failed

5500makefile:24: recipe for target 'run' failed
makefile:24: recipe for target 'run' failed
makefile:24: recipe for target 'run' failed
makefile:24: recipe for target 'run' failed
makefile:24: recipe for target 'run' failed
makefile:24: recipe for target 'run' failed
makefile:24: recipe for target 'run' failed
makefile:24: recipe for target 'run' failed
makefile:24: recipe for target 'run' failed
makefile:24: recipe for target 'run' failed
makefile:24: recipe for target 'run' failed
makefile:24: recipe for target 'run' failed
makefile:24: recipe for target 'run' failed
makefile:24: recipe for target 'run' failed
makefile:24: recipe for target 'run' failed
makefile:24: recipe for target 'run' failed
makefile:24: recipe for target 'run' failed
makefile:24: recipe for target 'run' failed
makefile:24: recipe for target 'run' failed
makefile:24: recipe for target 'run' failed

6000makefile:24: recipe for target 'run' failed
makefile:24: recipe for target 'run' failed
makefile:24: recipe for target 'run' failed
makefile:24: recipe for target 'run' failed
makefile:24: recipe for target 'run' failed
makefile:24: recipe for target 'run' failed
makefile:24: recipe for target 'run' failed
makefile:24: recipe for target 'run' failed
makefile:24: recipe for target 'run' failed
makefile:24: recipe for target 'run' failed
makefile:24: recipe for target 'run' failed
makefile:24: recipe for target 'run' failed
makefile:24: recipe for target 'run' failed
makefile:24: recipe for target 'run' failed
makefile:24: recipe for target 'run' failed
makefile:24: recipe for target 'run' failed
makefile:24: recipe for target 'run' failed
makefile:24: recipe for target 'run' failed
makefile:24: recipe for target 'run' failed
makefile:24: recipe for target 'run' failed

6500makefile:24: recipe for target 'run' failed
makefile:24: recipe for target 'run' failed
makefile:24: recipe for target 'run' failed
makefile:24: recipe for target 'run' failed
makefile:24: recipe for target 'run' failed
makefile:24: recipe for target 'run' failed
makefile:24: recipe for target 'run' failed
makefile:24: recipe for target 'run' failed
makefile:24: recipe for target 'run' failed
makefile:24: recipe for target 'run' failed
makefile:24: recipe for target 'run' failed
makefile:24: recipe for target 'run' failed
makefile:24: recipe for target 'run' failed
makefile:24: recipe for target 'run' failed
makefile:24: recipe for target 'run' failed
makefile:24: recipe for target 'run' failed
makefile:24: recipe for target 'run' failed
makefile:24: recipe for target 'run' failed
makefile:24: recipe for target 'run' failed
makefile:24: recipe for target 'run' failed

7000makefile:24: recipe for target 'run' failed
makefile:24: recipe for target 'run' failed
makefile:24: recipe for target 'run' failed
makefile:24: recipe for target 'run' failed
makefile:24: recipe for target 'run' failed
makefile:24: recipe for target 'run' failed
makefile:24: recipe for target 'run' failed
makefile:24: recipe for target 'run' failed
makefile:24: recipe for target 'run' failed
makefile:24: recipe for target 'run' failed
makefile:24: recipe for target 'run' failed
makefile:24: recipe for target 'run' failed
makefile:24: recipe for target 'run' failed
makefile:24: recipe for target 'run' failed
makefile:24: recipe for target 'run' failed
makefile:24: recipe for target 'run' failed
makefile:24: recipe for target 'run' failed
makefile:24: recipe for target 'run' failed
makefile:24: recipe for target 'run' failed
makefile:24: recipe for target 'run' failed

7500